Bahnaric,Vietnamese
a mâr,mây
mĕt 'nar,mặt trời
khĕi pơ 'nir,trăng tròn
khĕi đĭ,trăng khuyết
Chơ hnglŏng,Sao
Chơ hnglŏng tơ nong xruô̆i,Sao mai
kyar,Gió
'mi,mưa
'mi raih,mưa phùn
'mi priêl,mưa đá
priêl,tuyết
kơmlat,chớp
plĕnh chơ ro,Cầu vồng
đak,nước
krong,sông
jih brong,bờ sông
chơ điêng,rạch
kơ long đak,kinh
ving đak,Hồ
'bău,Ao
tơ xĭ,biển
chơ điêng đak,suối
tơ kơi đak,thác nước
tĕh gôh,Đất đỏ
tĕh man,đất sét
tơ 'mo,đá
tơ 'mo ŭnh,đá lửa
chuôih,cát
trôk,bùn
a bông a bŭi,bụi
bơyang,vàng
maih,bạc
pơxĕi,sắt
kông,núi
tôuch kông,đỉnh núi
jâng kông,chân núi
groi,đồi
groi lĕng,đồi trọc
a bong,thung lũng
tơ 'măn,đồng bằng
bar ruông,ruộng
mir,rẫy
'năr,ngày
kơ 'măng,Đêm
pơ ghê,Buổi sáng
'năr dư̆ng,Buổi trưa
gŏh kơ xơ̆,Buổi chiều
găh kơ 'măng,Buổi tối
xơ ruôih,Sớm
anong măng,Khuya
chơ dah pơ ghê,Bình minh
'năr lĕch,hoàng hôn
jan,Mùa
jan 'mi,Mùa mưa
jan phang,Mùa nắng
jan ning nơng,Mùa xuân
jan tŏ phang,Mùa hạ
jan lơngưp,Mùa thu
jan chơ hong hĕo,Mùa đông
khĕi,tháng
khĕi mĭnh,tháng giêng
khĕi pêng,tháng ba
khĕi puôn,tháng tư
khĕi đăm,tháng năm
khĕi dơdrơ̆u,tháng sáu
khĕi tơpơh,tháng bảy
khĕi tơhngam,tháng tám
khĕi sĭn,tháng chín
khĕi minh jĭt minh,tháng mười một
khĕi minh jĭt 'bal,tháng mười hai
'long,Cây
nhĕt,Cỏ
hla,Lá
nhĕt râm,vỏ cây
pơ kao,Hoa
riêh,Rễ
"miêu, plĕi",Trái
gĕl,Hột
akău,Thân
tơ'bra,cành
wêch 'long,ngọn cây
tơm 'long,Gốc cây
bôp 'long,mầm cây
pit,chuối
amông pit,buồng chuối
blưk pit,nải chuối
plĕi pit,trái chuối
pơnang,Cau
amông pơnang,buồng cau
plĕi pơnang,trái cau
plĕi lơ-u,trái dừa
pơ-ak lơ-u,bẹ dừa
glơng lơ-u,tàu dừa
đak lơ-u,nước dừa
kơtau,Mía
hre,Mây (thực vật)
kram,Tre
hơ-iơl,Nứa
tơ'băng,măng
mơ̆u,Nấm
'long kơ su,cây cao su
Bông gong,cây bông gòn
long bri,Gỗ
kafê,cây cà phê
thuôk hla,cây thuốc lá
kơmơt,nghệ
ba,Lúa
ba nêp,lúa nếp
hơ 'bo,cây ngô (bắp)
'mum ngô,khoai lang
mum trâu,khoai môn
củ mỳ,Sắn (khoai mì)
puôl,Bí
puôl gôh,bí đỏ
puôl 'bak,bí đao
tơ'lôp,Bầu
tuih (goh),Đậu (đỏ)
tuh duôih,Đậu đũa
hla 'long,Rau
hla anpuôn,rau muống
hla kai,rau cải
hla kai a pôm,Bắp cải
đah,Nảy mầm
hon,Mọc
xê rôh bơ kao,trổ hoa
đum,chín
kơsĕ,xanh
sŏk,Lông
tiêng,Đuôi
chơkung,Mỏ
sem bri,thú
"kơchôp, kơniêh",móng
ake,Sừng
tơ tŭh,Húc nhau
kơpô,Trâu
kơpô kon,nghé
kơpô klo,Trâu đực
kơpô akăn,Trâu cái
lơmo,bò
"chĕp, lơmo kon",Bê
lơmo klo,bò đực
lơmo akăn,bò cái
kŏ,chó
kŏ akăn,chó cái
kŏ klo,chó đực
Nhŭng,Heo
Nhŭng grŏnh,heo nái
chơ ke,heo rừng
yĕr,Gà
yĕr kon,gà con
yĕr tơ'mông,gà trống
yĕr bri,gà rừng
kriêu,thiến
ada,vịt
ada kon,vịt con
ada tơ'mông,vịt trống
ada yŏng,vịt mái
kơne,chuột
bơdung,thỏ
đŏk,khỉ
juôi,nai
jĭl,hươu
ruôih,voi
bok kla pơhum,hổ
chơkơ̆u,gấu
ka,cá
bơ,cá lóc
chơ kanh,cá trê
ka rô,cá rô
bih,rắn
klăn,trăn
"muôl, jơliêng",thằn lằn
wal,nhện
xi,chí (chấy)
roi,ruồi
chơ hmĕch,muỗi
tơ pu ong,tổ ong
nhă pơlai,bướm
jơdrông,sâu
hmuôch,kiến
kơtiêl,mối
kơdrơ,mặt
kliêng,trán
măt,mắt
đon,tai
bơ̆l/ 'bơ̆r,miệng
sơnĕnh,răng
kang,cằm
"sŏk kang, sŏk miêm",râu
sŏk kơ̆l,tóc
kong koi,gáy (ót)
sơhngliêng,vai
pơlĕch,nách
kơtơh,ngực
toh,vú
kơdŭ,lưng
bơ tâu,hông
bơ nĕi,eo (co)
klŏk,rốn (rún)
plĕi nưih,tim
klơm,gan
kơting kơdŭ,xương sống
kơting jơmil,xương sườn
tĕi,tay
tơpang ti,bàn tay
jưng,chân
blu,đùi
kutăng/kơtăng,đầu gối
plĕi puôih,bắp chân
anglău jưng,ngón chân
kơnol jưng,gót
pham,máu
kơting,xương
sŏk,lông
asĕch,thịt
đak măt,nước mắt
đak khai,nước bọt
đak chơ-uh,mồ hôi
đak toh,sữa
đak sung,nước tiểu
ich,phân
huôt,thở
kơtơ̆ng,nghe
"ngŏ, hnhĕi",nhìn
dĕk,cười
et,uống
suai,say
kơsoh kơsoh,khạc nhổ
chro đon,nghĩ
"alê̆/lê̆, lễ/ alễ",biết
yap,đếm
yŭ,sợ
"moih, wă, wă",muốn
wă,yêu
areh,ghét
"bui, hyôk , pui",vui
bich,nằm
atau,đứng
uĕi,ngồi
"bĕ , kih , năm",đi
"tơkan , truh",đến
găh,quẹo (rẽ)
kơdơ̆u,chạy
"đơng , gŏ",nổi
krăm,chìm
"hniễ, jơră",đẩy
pang,ném
ăn,cho
yŏk,lấy
nhau,rửa
pih,giặt
"chăI , pah",chẻ
"chô̆, lơnguach",buộc
"sut , trang, long trang",lau
sut,chùi
koh,chặt
"tŏm , tơ̆m",đâm
sil,đào
kaĭ,gãi
tă,xạ
pơtăm 'ba,cấy
kăt,gặt
chong sraih,làm cỏ
"hleh , kơsep",hái
duônh,lượm
rôp,bắt
pơtho akhan,khuyên bảo
a kâu bĭ hyôk,bệnh
koe,tật
"kơmlo, lơ̆u",câm
klik,điếc
ĕh alŏng,bướu
koe,què
bơlŏ,cảm
"grŭn, bơlŏ",sốt
jĭ kơ̆l,đau đầu
jĭ măt,đau mắt
jĭ sơnĕnh,đau răng
jĭ klak,đau bụng
hiên,ho
hiên đuh tơsoh,ho lao
tơ'bŏch,ghẻ
kren,hủi
yoe,điên
tơ 'boch,ngứa
'bâm,bầm
ĕh,sưng
hŏch,teo
bok bơgang,thầy thuốc
bơgang,thuốc
hming ji,chữa bệnh
kơ laih jĭ,khỏi bệnh
arih,sống
tơhnglo,đàn ông
kơ dyŏng,đàn bà
bơngai,người
bok,ông
yă,bà
bok gah tơhnglo,ông nội
yă gah tơhnglo,bà nội
bok gah kơdiŏng,ông ngoại
yă gah kơdiŏng,bà ngoại
bă,cha
kon tơhnglo,con trai
kon kơdiŏng,con gái
kơdiŏng,vợ
tơhnglo,chồng
bơngai wă,người yêu
nhŏng,anh
mai,chị
oh,em
oh tơhnglo,em trai
oh kơdiŏng,em gái
ŭnh hnam,gia đình
pơlĕi pơla,hàng xóm
krung tơpanh,dòng họ
duch,dì
mih,bác
mon,cháu
mon tơhnglo,cháu trai
mon kơdiŏng,cháu gái
bă kơdiŏng,cha vợ
mĭ kơdiŏng,mẹ vợ
bă tơhnglo,cha chồng
kon pơsau,con rể
kon kơmăn,con dâu
mĭ yăng,mẹ kế
bă yăng,bố dượng
kơdiŏng đunh,vợ cả
kơdiŏng 'nau,vợ lẽ
măt,tên
sơnăm,tuổi
inh,tôi
"hăp, hơ","nó (ngôi thứ 3, số ít)"
'nhŏng 'noh,– anh ấy
mai 'noh,– chị ấy
bok 'noh,– ông ấy
yă 'noh,– bà ấy
bân,chúng ta
"e, ih","mày (ngôi thứ 2, số ít)"
'nhŏng,– anh
bok,– ông
yă ,– bà
lu 'yĕm,"chúng mày (ngôi thứ 2, số nhiều)"
đe 'nhŏng,– các anh
đe mai ,– các chị
đe bok,– các ông
kăn hơ,"họ (ngôi thứ 3, số nhiều)"
pơlĕi,buôn làng
tơnŏk,bến nước
tơ nŭh,người nghèo
pơ drŏng,người giàu
chă xin xa,ăn mày
chơ̆,chợ
jên,tiền
tơ 'nam,hàng
tơ lih,đổi
ruôt,mua
tĕch,bán
tơ jrŏnh ,thuế
tơ jrăng,chiến tranh
jơ nĕi chơt,hòa bình
bơ hrăm răng,binh lính
sră,cung
sră,nỏ
sră,ná
anăn,tên
phao,súng
'buĭm phao,đạn
mơ nă,tù binh
Yuôn,người Kinh
Pha ' lăng,người Pháp
Bơ ngai Lao,người Lào
Bơ ngai Khơ me,người Khơme
A pŭng,xã
Tơ hring,huyện
char,tỉnh
tĕh char,quốc gia
tơr tơ drong vă,cầu nguyện
kơ kŭh,lạy
hnam kron pơ 'luôch,địa ngục
yŏng,chúa
yang,thần
yă yang,tiên
bơngai sơmah,thầy cúng
lêh lêm pơ ngai,thầy phù thủy
ŏng mai,đám cưới
sơmah,cúng
bơnga1 luôch,xác chết
bŭ,chôn
hlung atău,mả
pơ tiê̆,vật hiến sinh
băng,bùa
băng,ngải
pro sơnĕnh,cà răng
poh sơnĕnh,nhuộm răng
yă pơpơng đeh kon,bà đỡ
bơ ngai 'nao ơ̆i,sản phụ
abĕn đing,váy ống
abĕn kuơ̆n,váy quần
abĕn 'năr kơnă kơnơ̆l,váy mặc ngày hội
au đuôĭ ti,áo dài tay
au kơđeh ti,áo ngắn tay
kơpen,khố
kơpen 'năr kơnă kơnơ̆l,khố mặc ngày hội
kuơ̆n đuô̆i,quần âu
ako au,cổ áo
ti au,tay áo
kơ vai ao,vạt áo
chơkơ̆u au,gấu áo
tơngliêng au,cúc áo
tơ 'nhai ao,tua
Pơ kâr,cái búi tóc
pơ kâr,trâm
chê but kơ̆l,khăn đội đầu
đuôn,nón
môk,mũ
"kiêng, ruk",vòng cổ
kong ti,vòng tay
kong jưng,vòng chân
tơlĕi drơng ăn,dây chuyền
pơkau đon,hoa tai
gŏp,khuyên tai
nhân ti,nhẫn
chơ khŏ,dép
chơ khŏ trŭa,giày
hnam pra,nhà sàn
hmiêt hnam,cất nhà
jrăng tơn,cột cái (chính)
pơnil hnam,phên
pơnil,vách
"măng, 'măng tơm",cửa ra vào
măng 'mok,cửa sổ
kơ tiêng hnam,hàng hiên
pra hnam,sàn nhà
tơnơl hnam,nền nhà
pra đak,sàn nước
kung,cầu thang
chơkŭp hnam,chái (nhà)
hnam tơnuh,nhà bếp
phong,buồng
'bê mong đak,bể nước
tơ nglang đak,máng xối
xum 'ba,kho lúa
kŭ mir,chòi
pơgal,hàng rào
ban,bàn
kơ dơ̆ oĕi,ghế
kơ tăng,gối
dâu,dầu
apoih,đuốc
ba,thóc (lúa)
phe,gạo
hơ'bo,bắp (ngô)
đâk,bột
ngoh,cơm
bu,cháo
sa bơgê,ăn sáng
sa 'năr dưng,ăn trưa
bĕng,bánh
p khuôn,bánh chưng
tơ jông,xôi
"đô sa , 'nhem sa, đô sa",thức ăn
asĕch 'yĕr,thịt gà
ơ̆p,luộc
buh,nướng
kŭ sum,kho
kơdĭm,hành
blăng,sả
hla mơ̆u phu,rau thơm
boh,muối
kuet xiêm,diêm (quẹt)
ŭnh,lửa
nhui,khói
bok ich,ông táo
"gŏ ơ̆m , tơnŏ",ấm
chen,bát (chén)
dia,đĩa
kơ noch,thìa (muỗng)
mơ̆m,mâm
tơpal,cối
adrơ̆i,chày
ge (sơdrô),ché (rượu)
sơdrô,rượu
buih sơdrô,men rượu
đak tra,nước trà
đak truôl,nước sôi
hla blơ̆u,trầu
thuôk hla,thuốc lá
kruôĭ 'ngam,cam
pơ-ŏ,xoài
pơnăt,mít
kơchik,dứa
plĕi bri,quả rừng
pia đak,dưa leo
pơm xa 'ba gao,nghề nông
kuôk,cái cuốc
kuôk,cuốc
kơ nưch,dây thừng
tŏ chơneh,cái thúng
anong,gánh
tŏ kơdŏng,cái nong
tŏ aring,cái sàng
huăt ka,nghề đánh cá
jar,cái chài
nam jar,đi chài
jar lươ̆i,lưới
pam,cái nơm
pam,nơm
xrok,cái lờ
tŏ kơchôp,cái vó
dui kơchôp,kéo vó
pla asai,lưỡi câu
asai ka,câu cá
thŏng,thuyền
chông,chèo
pơm ren,nghề rèn
tơmuh,cái búa
ren,rèn
pơm 'long,nghề mộc
bơ ngai pơm mŏk,thợ mộc
ngot,cưa
phă,cái đục
phă,đục
đinh,cây đinh
pơ̆ng đinh,đóng đinh
tŏ kơchôp,cái móng (nền nhà)
rong nhŭng 'yĕr,nghề chăn nuôi
đơ̆k,cám
gơdron kơpô,chuồng trâu
khĭng khŭng,khung cửi
kơ tuôl brai,thoi
thuôk poh,thuốc nhuộm
poh,nhuộm
drŏng,sợi
chă riêng a yô,nghề săn bắn
phau riêng,súng săn
akap,cái bẫy
akap,bẫy
gru riêng,thợ săn
bơ ngan kông nhân,công nhân
ŭnh điên,điện
dâu,xăng
dâu hlin,dầu (nhớt)
gre,xe cộ
gre tang vang,xe đạp
gre tơ reng,xe lửa
gre ô tô,xe hơi
gre kơ pô dui,xe trâu ( bò)
gre a xĕch dui,xe ngựa
trong,đường đi
trong kơtă,đường nhựa
trong pơsăi,đường sắt
trong dak,đường thủy
pơ̆k pêng,ngã ba
chơ hlăh buôn,ngã tư
tău đak,tàu thủy
tơnŏk tơsĕnh,bến xe
gre băr,máy bay
tơ rong gre băr,phi trường
bơ ngai vâr gre,tài xế
vâr,lái
minh,một
bal,hai
puôn,bốn
sơnăm,năm
dơdrơ̆u,sáu
tơpơh,bảy
tơhngam,tám
sĭn,chín
minh jĭt,mười
minh jĭt minh,mười một
minh jĭt 'bal,mười hai
minh jĭt pêng,mười ba
bal jĭt,hai mươi
bal jĭt 'bal,hai mươi hai
bal jĭt pêng,hai mươi ba
pêng jĭt,ba mươi
minh hriêng minh,một trăm lẻ một
minh hriêng 'bal,một trăm lẻ hai
minh hriêng minh jĭt,một trăm mười
minh a bâu,một ngàn
bar a bâu,hai ngàn
đí,tất cả
biê̆,ít
mă minh,thứ nhất
mă 'bal,thứ hai
mă pêng,thứ ba
mă puôn,thứ tư
mă sơnăm,thứ năm
mă tơpơh,thứ bảy
mă tơhngam,thứ tám
mă sĭn,thứ chín
mă minh jĭt minh,thứ mười một
mă minh jĭt 'bal,thứ mười hai
tuôch,cuối cùng
plaih,- sải tay
mĭnh plaih,- một sải tay
mĭnh găt,- một cánh tay
mĭnh chơ đa,- một bàn tay
"grông , tih, grông",lớn
đuôĭ,dài
kơđeh,ngắn
đuôĭ,cao
kơđeh,thấp
tơwĕch,méo
uôh,láng
krâk a mrư̆h,nhám
atĕng,mỏng
"să , wơ̆l",rộng
kơchiễ,hẹp
bak,trắng
găm,đen
gôh,đỏ
yưm,tím
bia,vàng
sriêng,khô
"hơnhuih, yôm",ướt
phu,thơm
ngam,ngọt
ôm,thối
bŏ,ươn
hŏnh,héo
lĕng lŏng,lỏng
khĭ trôm,đặc
lơmek,mềm
han,sắc
kut,cùn
hyôk,êm
nau,mới
"tŏ , tơnŏ",nóng
"tơ'ngiêt, lơngoh",lạnh
trăp,nặng
hơ-iơch,nhẹ
tơpăt,thẳng
đŏng,cong
trŏ,đúng
brữ,xấu
lưng,tốt
liêm,đẹp
lốp,trẻ
chơ đŏk,dữ
bơ ngai khĕo,hiền
lơ mek thê̆,dịu dàng
"biêh, kheŭ",khéo léo
khĕ dêh,chậm chạp
đon hrao,thông minh
bơluk pơlŭk,ngu dốt
nơ nang,rộng rãi
nưih,gan
hlŏ,xa
"jê̆, tơklep",gần
phai,phải
miêu,trái
a drôl,trước
"đưng rĭng, đưng kơdŭ",sau
tơ lăm,trong
"gah agah, gloh, loi",ngoài
kơ pưng,trên
"ala, gah ala",dưới
"kơdih, krăi , krăi, nai",khác
tơ-ơ̆u,đây
to nŏh,kia
nơ̆u,này
wơ̆i tơyơ,ở đâu ?
bu,ai ?
yưng,cái gì ?
"adrĭng, sơm",với
"kơtă , lơ̆m",tại
"tơ̆ng, mơtơ̆ng , yăh",nếu
"lĭ như, lĭ yơ",thế nào
ơĭ,có
đim,chưa
lĕi ră,tất nhiên
khĭ mŭn,có thể
roi tơ drong kră xơ̆,chuyện cổ tích
roi tơ drong pơ đâk,chuyện thơ
tơ drong chĭh tơ 'năh,văn xuôi
hơ 'mon,sử thi (khan)
kon joh,dân ca
roi tơ drong dĕk,truyện cười
tơ mrŏ,ca dao
joh,hát
kơ dô̆ xoang,múa
roi tơdrong,kể chuyện
roi tơdrong,ngâm thơ
bơ ngai yoh,diễn viên hát
bơ ngai xoang,diễn viên múa
chinh,chiêng
phông,cồng
chân choa,mã la
jơgơ̆i,trống
kơnho jơgơ̆i,dùi trống
ken tư tŏ,kèn
ken tư tŏ,kèn bè
ken thuôl,kèn môi
kêu,tù và
be,vẽ
bơ ngai be gru,họa sĩ
tranh pik,bức tranh
răp don,trang trí
brưng gơleh,hoa văn
sĭt 'boi,thêu
tanh,đan
duônh,móc
srĕ 'long,khắc gỗ
hnam trương,trường học
chư chih,chữ viết
sơ̆p hla bơ-al,sách
long chih,bút
mư̆k,mực
'long thươk,thước
kơdơ̆,ghế
long hok,bàn học
pơngai pơtho,thầy giáo
duch pơtho,cô giáo
hok sinh,học sinh
ma ken,cậu bé
tơ drong hŏk,môn học
"pơtho , pơtơ̆p",dạy
hok,học
bơdiêu tơdrong,trả bài
chŭ tơdrong,chấm bài
chơ hrong,điểm
tơ jrŏk,thi
pơ ling,báo
Rađio,đài (ra-đi-ô)
xer rơ ma,phim
kơ đŏh thoi,bì thư
kơthơ,bức thư
"hla bơ-al/ hla bơ-ar, pơsuh",giấy
găm,Đen
găm găm,đen đen
găm loi,đen hơn cả
ken ken,nho nhỏ
dêh ken,rất nhỏ
ken minh,nhỏ nhất
dêh đunh,rất lâu
đunh minh,lâu nhất
să,Rộng
să să,rồng rộng
dêh să,rất rộng
să minh,rộng nhất
hnam,Nhà
hnam 'măng,Nhà cửa
teh,Đất
teh tơklah,đất đai
srơ̆p,An
srơ̆p hlŭt,ăn mặc
iêl,Sạch
kuơ̆n au,quần áo
kuơ̆n kuơ̆n au au,quần quần áo áo
dĕk akhan,Cười nói
dĕk dĕk akhan akhan,Cười cười nói nói
păl,Bay
it,đánh
long jra,Cây gậy
tanh,Đan
tơnanh kram,cái nan tre
toh,Vú
đô a xơn,cái nêm
anăn,Tên
prah,Bắn
lơnguach,buộc
kơtăp,Trứng
đeh,Đẻ
kon,con
pơluôch,Giết
luôch,Cheat
tơ nâu kơ pô pung,vũng trâu đầm
tep,Ngủ
dơnŏ tep,chỗ ngủ
a nĭnh oĕi,chỗ ở
tơ 'mâng,chồi non
ich asong,phân chia
tơ xi,Hót
'bar tơ xi,tiếng hót
chê,Vải
bĭ akhan,không nói
it,Đánh
kăp dih bơl,cắn nhau
đuk,Giận
đuk dih bơl,giận nhau
wă,Yêu
wă dih bơl,yêu nhau
muôĭ,Lặn
krăm,nhận chìm
tơ gơ̆,Gãy
dơbeh lêch,gạt ra
pôk suôn,nâng lên
năm mưt,đi vào
ăn mưt,Cho vào
kơtech,Đứt
kăt,Cắt
soh,Đốt
jĭ,Đau
ơm ma jĭ,Làm cho đau
priêu,trở về
vĭh priêu,trả lại
điêl,Dấu
bơdô̆,Trốn
pơ̆k,Ngã
hniê̆,xô ngã
pơ̆m ja luôch,giả vờ chết
pơ̆m ja jĭ,giả vờ đau
pơm ja tep,giả vờ ngủ
a nong xa,bữa ăn
akhan,Nói
hla piêt,Lưỡi
bơ̆l akhan,tiếng nói
dĕk,tươi (rau)
arih,sống (cơm)
kơ sĕ,xanh (quả)
pĭh,Giặt
nhau,Rửa
prol,Gội
nhau,Vo
xrâp,mặc (áo)
năm,đi (giày)
sŭp,Đội (mũ)
đoh,"đeo (găng, caravat)"
kơchŏ,góc (nhà)
tơm (măt),Khóe (mắt)
tơpanh,Mép (mồm)
uơ̆i,ngồi (người)
tuh,Đỗ (xe)
kep tơnŏk,cặp bến (thuyền)
năr 'yơ̆u,hôm kia
sơnăm rŏng,năm ngoái
năr dơning,ngày mai
'năr mơ yâu,ngày kia
xơ hnăm trŭh,năm tới
